有限会社KJ,奥あい,おくあい,okuai@example.com,3,123
有限会社KJ,池内路子,いけうちみちこ,ikeuchimichiko@example.com,3,123
有限会社KJ,田上恵望子,たうええみこ,taueemiko@example.com,3,123
有限会社KJ,神保惇,じんぼじゅん,jinbojun@example.com,3,123
有限会社KJ,安部明日,あべめいび,abemeibi@example.com,3,123
有限会社KJ,新田涼,あらたりょう,arataryou@example.com,3,123
有限会社KJ,島村雅之,しまむらまさゆき,shimamuramasayuki@example.com,3,123
有限会社KJ,藤原一哉,ふじわらかずや,fujiwarakazuya@example.com,3,123
有限会社KJ,向井竜次,むらいりゅうじ,murairyuuji@example.com,3,123
有限会社KJ,宇多田勇介,うただゆうすけ,utadayuusuke@example.com,3,123
有限会社KJ,宮迫みき,みやさこみき,miyasakomiki@example.com,3,123
有限会社KJ,哀川千佳子,あいかわちかこ,aikawachikako@example.com,3,123
有限会社KJ,戸田晴臣,とだはるおみ,todaharuomi@example.com,3,123
有限会社KJ,金森勝久,かなもりかつひさ,kanamorikatsuhisa@example.com,3,123
有限会社KJ,秋元直人,あきもとなおと,akimotonaoto@example.com,3,123
有限会社KJ,細川孝太郎,ほそかわこうたろう,hosokawakoutarou@example.com,3,123
有限会社KJ,武井ひろ子,たけいひろこ,takeihiroko@example.com,3,123
有限会社KJ,花岡瞬,はなおかしゅん,hanaokashun@example.com,3,123
有限会社KJ,坂元美幸,さかもとみゆき,sakamotomiyuki@example.com,3,123
有限会社KJ,真田薫,さなだかおる,sanadakaoru@example.com,3,123
有限会社KJ,安達雄太,あだちゆうた,adachiyuuta@example.com,3,123
有限会社KJ,土田憲一,つちだけんいち,tsuchidakenichi@example.com,3,123
有限会社KJ,青野勇一,あおのゆういち,aonoyuuichi@example.com,3,123
有限会社KJ,内野一哉,うちのかずや,uchinokazuya@example.com,3,123
有限会社KJ,西山沙知絵,にしやまさちえ,nishiyamasachie@example.com,3,123
有限会社KJ,川瀬光,かわせひかる,kawasehikaru@example.com,3,123
有限会社KJ,森脇博之,もりわきひろゆき,moriwakihiroyuki@example.com,3,123
有限会社KJ,松木正敏,まつきまさとし,matsukimasatoshi@example.com,3,123
有限会社KJ,滝本光良,たきもとてるよし,takimototeruyoshi@example.com,3,123
有限会社KJ,織田陽介,おだようすけ,odayousuke@example.com,3,123
有限会社KJ,高畑美帆,たかはたみほ,takahatamiho@example.com,3,123
有限会社KJ,酒井兼,さかいけん,sakaiken@example.com,3,123
有限会社KJ,酒井奈央,さかいなお,sakainao@example.com,3,123
有限会社KJ,古賀隆之介,こがりゅうのすけ,kogaryuunosuke@example.com,3,123
有限会社KJ,三宅崇史,みやけたかし,miyaketakashi@example.com,3,123
有限会社KJ,広川剛基,ひろかわよしき,hirokawayoshiki@example.com,3,123
有限会社KJ,藤澤美咲,ふじさわみさき,fujisawamisaki@example.com,3,123
有限会社KJ,相沢翔子,あいざわしょうこ,aizawashouko@example.com,3,123
有限会社KJ,阿部宏,あべひろし,abehiroshi@example.com,3,123
有限会社KJ,宍戸さとみ,ししどさとみ,shishidosatomi@example.com,3,123
有限会社KJ,玉田涼,たまだりょう,tamadaryou@example.com,3,123
有限会社KJ,池畑たまき,いけはたたまき,ikehatatamaki@example.com,3,123
有限会社KJ,菅染五郎,すがそめごろう,sugasomegorou@example.com,3,123
有限会社KJ,石橋竜也,いしばしたつや,ishibashitatsuya@example.com,3,123
有限会社KJ,二宮隆太,にのみやりゅうた,ninomiyaryuuta@example.com,3,123
有限会社KJ,平野愛,ひらのあい,hiranoai@example.com,3,123
有限会社KJ,小倉憲一,おぐらけんいち,ogurakenichi@example.com,3,123
有限会社KJ,立石龍吉,たちいしりゅうきち,tachiishiryuukichi@example.com,3,123
有限会社KJ,松木一恵,まつきかづえ,matsukikadue@example.com,3,123
有限会社KJ,及川なつみ,おいかわなつみ,oikawanatsumi@example.com,3,123
