商品名,価格,原価,カテゴリ番号,販売ステータス（1:販売中、0:販売中止）,サイズ,商品説明,タグ,リストへの表示（1:表示、:非表示）,販売時期（コロン区切りで1～12月。1:販売、0:休止),在庫管理（1:在庫管理する、0:在庫管理なし）,最小注文数,最大注文数,定番商品(1:定番商品、0:特別商品）,発送所要日数,販売日数（特別商品の場合は何日後まで販売するか）,単位,SKUコード（商品ごとに別のもの）
お祝いスタンド,16200,,4,1,200cm×150cm,スタンダードなスタンド花です。,お誕生日祝い  開店祝い　移転祝い 周年祝い　楽屋見舞い お礼 ご挨拶 卒業祝い　カラーミックス,1,1:1:1:1:1:1:1:1:1:1:1:1,0,1,9999,1,1,0,基,oma-is15750
お祝いスタンド,32400,,4,1,200cm×150cm,スタンダードなスタンド花です。こちらは１対からのご注文になります。,お誕生日祝い  開店祝い 移転祝い 周年祝い　楽屋見舞い お礼 ご挨拶 卒業祝い　カラーミックス,1,1:1:1:1:1:1:1:1:1:1:1:1,0,1,9999,1,1,0,対,oma-is15750-2
お祝いスタンド,21600,,4,1,200cm×150cm,スタンダードな２段盛り御祝スタンド花です。,お誕生日祝い　開店祝い 移転祝い 周年祝い 楽屋見舞い お礼 ご挨拶 卒業祝い　カラーミックス,1,1:1:1:1:1:1:1:1:1:1:1:1,0,1,9999,1,1,0,基,oma-is21000
お祝いスタンド,43200,,4,1,200cm×150cm,スタンダードな２段盛り御祝スタンド花です。こちらは１対からのご注文になります。,お誕生日祝い 開店祝い 上場祝い 移転祝い 周年祝い　楽屋見舞い お礼 ご挨拶 卒業祝い　カラーミックス,1,1:1:1:1:1:1:1:1:1:1:1:1,0,1,9999,1,1,0,対,oma-is21000-2
お祝いスタンド,27000,,4,1,200cm×150cm,スタンダードなスタンド花を２段盛りにしました。,お誕生日祝い　開店祝い 上場祝い 移転祝い 周年祝い　楽屋見舞い お礼 ご挨拶 卒業祝い　カラーミックス,1,1:1:1:1:1:1:1:1:1:1:1:1,0,1,9999,1,1,0,基,oma-is26250
お祝いスタンド,32400,,4,1,220cm×150cm,豪華に３段に盛り付けた御祝スタンド花です。,お誕生日祝い　開店祝い 上場祝い 周年祝い　楽屋見舞い お礼 ご挨拶 卒業祝い　賀寿　カラーミックス,1,1:1:1:1:1:1:1:1:1:1:1:1,0,1,9999,1,1,0,基,oma-is31500
お祝いスタンド,54000,,4,1,200cm×150cm,スタンダードな２段盛りの御祝スタンド花です。こちらは１対ごとのご注文になります。,お誕生日祝い　開店祝い 上場祝い 移転祝い 周年祝い 楽屋見舞い お礼 ご挨拶 卒業祝い　カラーミックス,1,1:1:1:1:1:1:1:1:1:1:1:1,0,1,9999,1,1,0,対,oma-is26250-2
お祝いスタンド,64800,,4,1,200cm×150cm,３段に活けこみを下豪華なお祝いのスタンド花です。こちらは１対ごとのご注文になります。,開店祝い 上場祝い 移転祝い 周年祝い　引っ越し祝い 楽屋見舞い お礼 ご挨拶 卒業祝い　カラーミックス,1,1:1:1:1:1:1:1:1:1:1:1:1,0,1,9999,1,1,0,対,oma-is31500-2
お供えスタンド,64800,,4,1,220cm×150cm,３段に活けこみをした豪華なスタンド花です。こちらは、１対ごとのご注文になります。,ご葬儀 法事　カラーミックス,1,1:1:1:1:1:1:1:1:1:1:1:1,0,1,9999,1,1,0,対,oma-os31500-2
お供えスタンド,54000,,4,1,220cm×150cm,２段に活けこみを下御供えスタンド花です。こちらは、１対ごとのご注文になります。,ご葬儀 法事　カラーミックス,1,1:1:1:1:1:1:1:1:1:1:1:1,0,1,9999,1,1,0,対,oma-os26250-2
お供えスタンド,43200,,4,1,200cm×150cm,２段に活けこみをした御供えスタンド花です。こちらは１対ごとのご注文になります。,ご葬儀 法事　カラーミックス,1,1:1:1:1:1:1:1:1:1:1:1:1,0,1,9999,1,1,0,対,oma-os21000-2
お供えスタンド,32400,,4,1,200cm×150cm,スタンダードな御供えのスタンド花です。こちらは１対ごとの注文になります。,ご葬儀 法事　カラーミックス,1,1:1:1:1:1:1:1:1:1:1:1:1,0,1,9999,1,1,0,対,oma-os15750-2
お供えスタンド,32400,,4,1,220cm×150cm,３段に活けこみをした迫力のある御供えのスタンド花です。,ご葬儀 法事　ミックス,1,1:1:1:1:1:1:1:1:1:1:1:1,0,1,9999,1,1,0,基,oma-os31500
お供えスタンド,27000,,4,1,200cm×150cm,花のボリュームを増やした２段のスタンド花です。,ご葬儀 法事　カラーミックス,1,1:1:1:1:1:1:1:1:1:1:1:1,0,1,9999,1,1,0,基,oma-os26250
お供えスタンド,16200,,4,1,200cm×150cm,一番スタンダードな御供えのスタンド花です。,ご葬儀 法事　カラーミックス,1,1:1:1:1:1:1:1:1:1:1:1:1,0,1,9999,1,1,0,基,os15750
お供えスタンド,21600,,4,1,200cm×150cm,御供えのスタンド花を２段にしました。,ご葬儀 法事　カラーミックス,1,1:1:1:1:1:1:1:1:1:1:1:1,0,1,9999,1,1,0,基,os21000
フラワーアレンジメント,3240,,1,1,,,,1,1:1:1:1:1:1:1:1:1:1:1:1,0,1,9999,1,1,0,個,oma-a3150
フラワーアレンジメント,3780,,1,1,,,,1,1:1:1:1:1:1:1:1:1:1:1:1,0,1,9999,1,1,0,個,oma-a3675
フラワーアレンジメント,4320,,1,1,,,,1,1:1:1:1:1:1:1:1:1:1:1:1,0,1,9999,1,1,0,個,oma-a4200
フラワーアレンジメント,4860,,1,1,,,,1,1:1:1:1:1:1:1:1:1:1:1:1,0,1,9999,1,1,0,個,oma-a4725
フラワーアレンジメント,5400,,1,1,,,,1,1:1:1:1:1:1:1:1:1:1:1:1,0,1,9999,1,1,0,個,oma-a5250
フラワーアレンジメント,6480,,1,1,,,,1,1:1:1:1:1:1:1:1:1:1:1:1,0,1,9999,1,1,0,個,oma-a6300
フラワーアレンジメント,5940,,1,1,,,,1,1:1:1:1:1:1:1:1:1:1:1:1,0,1,9999,1,1,0,個,oma-a5775
フラワーアレンジメント,7560,,1,1,,,,1,1:1:1:1:1:1:1:1:1:1:1:1,0,1,9999,1,1,0,個,oma-a7350
フラワーアレンジメント,8640,,1,1,,,,1,1:1:1:1:1:1:1:1:1:1:1:1,0,1,9999,1,1,0,個,oma-a8400
フラワーアレンジメント,9720,,1,1,,,,1,1:1:1:1:1:1:1:1:1:1:1:1,0,1,9999,1,1,0,個,oma-a9450
フラワーアレンジメント,10800,,1,1,,,,1,1:1:1:1:1:1:1:1:1:1:1:1,0,1,9999,1,1,0,個,oma-a10500
フラワーアレンジメント,12960,,1,1,,,,1,1:1:1:1:1:1:1:1:1:1:1:1,0,1,9999,1,1,0,個,oma-a12600
フラワーアレンジメント,16200,,1,1,,,,1,1:1:1:1:1:1:1:1:1:1:1:1,0,1,9999,1,1,0,個,oma-a15750
フラワーアレンジメント,21600,,1,1,,,,1,1:1:1:1:1:1:1:1:1:1:1:1,0,1,9999,1,1,0,個,oma-a21000
フラワーアレンジメント,27000,,1,1,,,,1,1:1:1:1:1:1:1:1:1:1:1:1,0,1,9999,1,1,0,個,oma-a26250
フラワーアレンジメント,32400,,1,1,,,,1,1:1:1:1:1:1:1:1:1:1:1:1,0,1,9999,1,1,0,個,oma-a31500
花束,3240,,2,1,,,,1,1:1:1:1:1:1:1:1:1:1:1:1,0,1,9999,1,1,0,個,t3150
花束,3780,,2,1,,,,1,1:1:1:1:1:1:1:1:1:1:1:1,0,1,9999,1,1,0,個,oma-h3675
花束,4320,,2,1,,,,1,1:1:1:1:1:1:1:1:1:1:1:1,0,1,9999,1,1,0,個,oma-h4200
花束,4860,,2,1,,,,1,1:1:1:1:1:1:1:1:1:1:1:1,0,1,9999,1,1,0,個,oma-h4725
花束,5400,,2,1,,,,1,1:1:1:1:1:1:1:1:1:1:1:1,0,1,9999,1,1,0,個,oma-h5250
花束,5940,,2,1,,,,1,1:1:1:1:1:1:1:1:1:1:1:1,0,1,9999,1,1,0,個,oma-h5775
花束,6480,,2,1,,,,1,1:1:1:1:1:1:1:1:1:1:1:1,0,1,9999,1,1,0,個,oma-h6300
花束,7560,,2,1,,,,1,1:1:1:1:1:1:1:1:1:1:1:1,0,1,9999,1,1,0,個,oma-h7350
花束,8640,,2,1,,,,1,1:1:1:1:1:1:1:1:1:1:1:1,0,1,9999,1,1,0,個,oma-h8400
花束,9720,,2,1,,,,1,1:1:1:1:1:1:1:1:1:1:1:1,0,1,9999,1,1,0,個,oma-h9450
花束,10800,,2,1,,,,1,1:1:1:1:1:1:1:1:1:1:1:1,0,1,9999,1,1,0,個,oma-h10500
花束,12960,,2,1,,,,1,1:1:1:1:1:1:1:1:1:1:1:1,0,1,9999,1,1,0,個,oma-h12600
花束,16200,,2,1,,,,1,1:1:1:1:1:1:1:1:1:1:1:1,0,1,9999,1,1,0,個,oma-h15750
花束,21600,,2,1,,,,1,1:1:1:1:1:1:1:1:1:1:1:1,0,1,9999,1,1,0,個,oma-h21000
花束,27000,,2,1,,,,1,1:1:1:1:1:1:1:1:1:1:1:1,0,1,9999,1,1,0,個,oma-h26250
花束,32400,,2,1,,,,1,1:1:1:1:1:1:1:1:1:1:1:1,0,1,9999,1,1,0,個,oma-h31500
1000円分ボリュームアップ,1080,,1,1,,,,1,1:1:1:1:1:1:1:1:1:1:1:1,0,1,9999,1,1,0,円分,1000up
2000円分ボリュームアップ,2160,,1,1,,,,1,1:1:1:1:1:1:1:1:1:1:1:1,0,1,9999,1,1,0,円分,2000up
3000円分ボリュームアップ,3240,,1,1,,,,1,1:1:1:1:1:1:1:1:1:1:1:1,0,1,9999,1,1,0,円分,3000up
4000円ボリュームアップ,4320,,1,1,,,,1,1:1:1:1:1:1:1:1:1:1:1:1,0,1,9999,1,1,0,円分,4000up
5000円分ボリュームアップ,5400,,1,1,,,,1,1:1:1:1:1:1:1:1:1:1:1:1,0,1,9999,1,1,0,円分,5000up
6000円分ボリュームアップ,6480,,1,1,,,,1,1:1:1:1:1:1:1:1:1:1:1:1,0,1,9999,1,1,0,円分,6000up
7000円分ボリュームアップ,7560,,1,1,,,,1,1:1:1:1:1:1:1:1:1:1:1:1,0,1,9999,1,1,0,円分,7000up
8000円分ボリュームアップ,8640,,1,1,,,,1,1:1:1:1:1:1:1:1:1:1:1:1,0,1,9999,1,1,0,円分,8000up
9000円分ボリュームアップ,9720,,1,1,,,,1,1:1:1:1:1:1:1:1:1:1:1:1,0,1,9999,1,1,0,円分,9000up
10000円分ボリュームアップ,10800,,1,1,,,,1,1:1:1:1:1:1:1:1:1:1:1:1,0,1,9999,1,1,0,円分,10000up
カサブランカ,1620,,1,1,,,,1,1:1:1:1:1:1:1:1:1:1:1:1,0,1,9999,1,1,0,本で,vs-casab
赤バラ,432,,1,1,,,,1,1:1:1:1:1:1:1:1:1:1:1:1,0,1,9999,1,1,0,本で,vs-rros
ピンクバラ,324,,1,1,,,,1,1:1:1:1:1:1:1:1:1:1:1:1,0,1,9999,1,1,0,本で,vs-yrose
黄色バラ,324,,1,1,,,,1,1:1:1:1:1:1:1:1:1:1:1:1,0,1,9999,1,1,0,本で,vs-prose
ピンクのユリ,1080,,1,1,,,,1,1:1:1:1:1:1:1:1:1:1:1:1,0,1,9999,1,1,0,本で,vs-pink-lillie
花束,1080,,1,1,,,,1,1:1:1:1:1:1:1:1:1:1:1:1,0,1,9999,1,1,0,束,ht
アレンジメント,1080,,1,1,,,,1,1:1:1:1:1:1:1:1:1:1:1:1,0,1,9999,1,1,0,個,ar
胡蝶蘭,1080,,1,1,,,,1,1:1:1:1:1:1:1:1:1:1:1:1,0,1,9999,1,1,0,鉢,ko
スタンド,16200,,1,1,,,,1,1:1:1:1:1:1:1:1:1:1:1:1,0,1,9999,1,1,0,基,st
鉢物,1080,,1,1,,,,1,1:1:1:1:1:1:1:1:1:1:1:1,0,1,9999,1,1,0,鉢,pl
黄色系グラスブーケ【花の南福花園オリジナル】,3729,,2,1,20cm×25cm,ブーケ風花束でグラスの花瓶付きです。贈る相手を選ばず花瓶の心配もいりません。黄オレンジ系花束,お誕生日祝い  結婚記念日祝い 結婚祝い 出産祝い 退職祝い 移転祝い 周年祝い　引っ越し祝い 楽屋見舞い お礼 ご挨拶 卒業祝い　カラー黄　黄バラ　オレンジバラ　ガーベラ,1,1:1:1:1:1:1:1:1:1:1:1:1,0,1,9999,1,1,0,束,mt-122
アレンジメント　送料無料！即日出荷対応！,5400,,1,1,30cm×30ｃｍ,黄色の花でまとめたアレンジメントです。元気が出る色黄色お祝いにお見舞いに如何でしょうか。,御祝　お見舞い,1,1:1:1:::::::::1,0,1,9999,1,1,0,個,ar01-3101
アレンジメント【花の南福花園オリジナル】,3240,,1,1,25cm×30cm,黄色と緑の花を主に使用したアレンジメントです。,誕生日　記念日,1,1:1::::::::::1,0,1,9999,1,1,0,個,ar01-3104
黄色が際立つアレンジメント】送料無料】,5400,,1,1,30cm×30ｃｍ,やさしい黄色のバラ、ガーベラ、スイトピーの花で優しく作りました。ポイントのオンシジュームが可愛く春の花に蝶が集まってきたようなアレンジメントです。春の御祝花に如何ですか。,お見舞い　卒業祝い　入学祝,1,1:1:1:1::::::::,0,1,9999,1,1,0,個,ar02-0705
ピンクの豪華なアレンジメント【送料無料商品】,5400,,1,1,30cm×30ｃｍ,ピンクのチューリップ、ピンクのトルコ桔梗、ピンクのバラなどピンク系の花でまとめました。春はピンクが似合う！ボリュームたっぷりで新登場、即日出荷対応商品です。もちろん全国に送料無料でお届けいたします。,誕生日　開店祝い　卒業祝,1,1:1:1:::::::::1,0,1,9999,1,1,0,個,ar02-0705
ピンクのガーベラが可愛いアレンジメント【南福花園オリジナル】,3240,,1,1,25cm×25cm,春の季節の花、チューリップやスイトピーを使った可愛いアレンジメントです。福岡市近郊の即日配達にも対応商品です。14時までのご注文で即日発送いたします。,誕生日　入学式　卒業式,1,1:1:1:::::::::1,0,1,9999,1,1,0,個,ar02-1201
ピンクチューリップのアレンジメント【南福花園オリジナル】,3240,,1,1,25cm×30cm,春の花チューリップやスイトピー、ガーベラスプレーカーねションで作ったアレンジメントお祝いやお見舞いなどに最適です。価格も3150円とリーズナブル！,お見舞い　卒業祝い　入学祝,1,1:1:1:1::::::::1,0,1,9999,1,1,0,個,ar02-0702
情熱アレンジメント【送料無料商品】,5400,,1,1,40cm×40cm,赤が好きな人は情熱的！！赤い花でまとめました。ポイントのアンスリュームが魅力的に演出します。,御祝　開店祝い　誕生日,1,1:1:1:1:1:1:1:1:1:1:1:1,0,1,9999,1,1,0,個,ar02-0706
オレンジ系でフレッシュ感覚のアレンジメント,3240,,1,1,25cm×25cm,オレンジカラーのリフレッシュ元気が出る色合いで新登場！春の御祝花に最適です。,卒業式　入学式　就任祝い,1,1:1:1:1::::::::,0,1,9999,1,1,0,個,ar02-0703
春色プリティアレンジメント　送料無料！,6480,,1,1,30cm×40ｃｍ,スクエアーな蓋付のバスケットにアレンジピンク系で可愛いアレンジメントです。,誕生日,1,1:1:1:::::::::1,0,1,9999,1,1,0,個,ar01-3102
アレンジメント【花の南福花園オリジナル】,3240,,1,1,25cm×25cm,紫のバラが上品なアレンジメントです。ビブルナム（べりー）の小さな実がワンポイントで可愛いです。,誕生日,1,1:1:1:::::::::1,0,1,9999,1,1,0,個,ar01-3001
カラフルお供えアレンジメント　送料無料！,6480,,1,1,50cm×40cm,菊などを使用したオーソドックスなお供えのアレンジメントです。,御供え,1,1:1:1:1:1:1:1:1:1:1:1:1,0,1,9999,1,1,0,個,ar01-1701
ミディ胡蝶蘭白5本立ちお祝いラッピング　送料無料！即日出荷対応！,12960,,3,1,45×50cm,白のミディ系胡蝶蘭５本立ちです。お祝いのラッピングをあしらいました。どんなお祝いのご用途にも、心の伝わるギフトができます。14時までのご注文は最短で即日出荷対応。更に全国送料無料にてお届けいたします。,カラー白　開店祝い　周年祝　移転祝い　就任祝い　上場祝い　誕生日祝い　賀寿のお祝い　叙勲祝い　引っ越し祝い 　即日,1,1:1:1:1:1:1:1:1:1:1:1:1,0,1,9999,1,1,0,鉢,ht-89
観葉植物,10800,,5,1,120cm×100cm,,,1,1:1:1:1:1:1:1:1:1:1:1:1,0,1,9999,1,1,0,鉢,po24-040901
ミディ胡蝶蘭黄色風呂敷ラッピング緑オレンジ　送料無料！,7560,,3,1,25cm（W）×45cm（H）,かわいい黄色のミディの胡蝶蘭を日本古来の風呂敷で包みました。<br>贈り物に、また自宅飾りにいかがでしょうか。,ミディ胡蝶蘭　御祝い　カラー黄色　誕生日　,1,1:1:1:1:1:1:1:1:1:1:1:1,0,1,9999,1,1,0,個,ht-409
ミディ　ピンク胡蝶蘭,5400,,3,1,（W）25cm×（H）45cm,お母さんによく似合うピンクのミディ胡蝶蘭です。母の日限定で上品な鉢にヘデラも一緒に植え込みました。花弁の縞模様が印象的です。,母の日　母の日胡蝶蘭　ピンクミディ胡蝶蘭,1,:::1:1:::::::,0,1,9999,1,1,0,個,haha24-003
ミディ胡蝶蘭　グラスシリーズピンク,6480,,3,1,（W）25cm×（H）55cm,ミディ胡蝶蘭のグラスシリーズ！お洒落で綺麗なピンクです。,胡蝶蘭　ピンクミディ胡蝶蘭,1,:::1:1:::::::,0,1,9999,1,1,0,個,haha24-010
アレンジメント【花の南福花園オリジナル】,3240,,1,1,25ｃｍ×25ｃｍ,ピンク赤系で、チューリップやスイトピー等の春の花のアレンジメントです。まだ寒い２月少しでも春を感じて頂ければ幸いです。,お見舞い　春の祝い花,1,1:1:1:::::::::1,0,1,9999,1,1,0,個,ar02-0202
御供スタンド花　送料無料！即日出荷対応！,10800,,4,1,200cm×150cm,季節により使用花材は変わります。<br>　　　価格は1基の金額です。1対の場合は2と入れてください。,ご葬儀 法事　カラーミックス,1,1:1:1:1:1:1:1:1:1:1:1:1,0,1,9999,1,1,0,基,MH4301
アレンジメント,5400,,1,1,（W）30cm×（H）35ｃｍ,オレンジ系アレンジメント。元気が出る色オレンジ系でまとめました。,お見舞い　誕生日　記念日,1,1:1:1:1:1:1:1:1:1:1:1:1,0,1,9999,1,1,0,個,ar24-051503
アレンジメント,3780,,1,1,（W）20cm×（H）35cm,クリアーなガラスのカップにカラーオアシスで上品に！お洒落なアレンジメントです。,誕生日　プレゼント　御祝,1,:::1:1:1::::::,0,1,9999,1,1,0,個,ar24-051504
フラワーアレンジメント【花の南福花園オリジナル】,4320,,1,1,30cm×20cm,シックな籠が目を引くフラワーアレンジメントです。淡い色使いも特徴的です。,お礼 ご挨拶 卒業祝い　,1,1:1:1:::::::::1,0,1,9999,1,1,0,個,mt-311
カサブランカのみのゴージャスフラワーアレンジメント　送料無料！,32400,,1,1,120cm×100cm,当店の扱う商品の中でも最大級のフラワーアレンジメントです。オリエンタルの白ユリのみを使用した大迫力のアレンジとなっております。白系フラワーアレンジメント,お誕生日祝い 　博多座　中洲　楽屋見舞い 叙勲祝い　お葬儀,1,1:1:1:1:1:1:1:1:1:1:1:1,0,1,9999,1,1,0,個,mt-301
フラワーアレンジメント　送料無料！即日出荷対応！,21600,,1,1,100cm×80cm,当店の商品の中でもトップクラスの豪華なフラワーアレンジメントです。スクエアポットという木の器も豪華な中にシックな味わいです。赤系フラワーアレンジメント,お誕生日祝い  博多座　中洲 移転祝い 周年祝い　楽屋見舞い  叙勲祝ー赤　赤バラ　即日,1,1:1:1:1:1:1:1:1:1:1:1:1,0,1,9999,1,1,0,個,mt-302
フラワーアレンジメント　送料無料！即日出荷対応！,10800,,1,1,70cm×50cm,スクエアポットという木の器に盛り付けました。使用した花材も赤バラとカスミ草なので豪華な仕上がりです。赤系フラワーアレンジメント,お誕生日祝い 中洲　博多座　 開店祝いい 就任祝い 退職祝い 移転祝い 周年祝い　楽屋見舞い お礼 ご挨拶 卒業祝い　賀寿 叙勲祝い　カラー赤　赤バラ　カスミ草　,1,1:1:1:1:1:1:1:1:1:1:1:1,0,1,9999,1,1,0,個,mt-303
アレンジメント　即日出荷対応！,3240,,1,1,（W）30cm×（H）30ｃｍ,ピンク系の可愛いさの中にもオリエンタル系の百合を入れて優しさと豪華さにポイントを置いて作ったアレンジメントです。,誕生日　記念日,1,1:1:1:1::::::::,0,1,9999,1,1,0,個,ar24-042103
２色のスイトピーがガーリーな花束　送料無料！,5400,,2,1,30cm×30ｃｍ×40ｃｍ,スイトピーとカスミ草だけを使用した花束です。すごく可愛らしい仕上がりです。,お誕生日祝い  結婚記念日祝い 結婚祝い 出産祝い　開店祝い 上場祝い 就任祝い 退職祝い 移転祝い 周年祝い 引っ越し祝い 楽屋見舞い お礼 ご挨拶 卒業祝い　賀寿 叙勲祝い 季節春　カラー紫　ピンク　スイトピー　カスミ草,1,1:1:1:::::::::1,0,1,9999,1,1,0,束,ht-307
色とりどりの花々が秋を感じさせるフラワーアレンジメント　送料無料！,8640,,1,1,70cm×50cm,竜胆（リンドウ）がメインのフラワーアレンジメントです。秋らしい仕上がりとなっています。, 就任祝い 退職祝い 移転祝い 周年祝い 引っ越し祝い 楽屋見舞い お礼 ご挨拶 卒業祝,1,::::::1:1:1:1::,0,1,9999,1,1,0,個,mt-317
ケイトウがポイントとして引き立つフラワーアレンジメント　送料無料！,8640,,1,1,30cm×30ｃｍ,鶏頭（ケイトウ）と竜胆（リンドウ）がメインに入ったフラワーアレンジメントです。オリエンタル白ユリも入っているのでコンパクトな仕上がりでも豪華です。,結婚記念日祝い 結婚祝い 出産祝い,1,::::::1:1:1:1::,0,1,9999,1,1,0,個,mt-318
アレンジメント　送料無料！,5400,,1,1,（W）30cm×（H）30ｃｍ,ユリを入れたアレンジメント。蘭の花もいっぱい入って豪華です。開店祝いや移転祝いなどにいかがですか。,開店祝　移転祝,1,1:1:1:1:1:1:1:1:1:1:1:1,0,1,9999,1,1,0,個,ar24-032801
ミディ胡蝶蘭白３本立ち　送料無料！即日出荷対応！,8640,,3,1,45×50cm,どんなご用途にもぴったりのミディ胡蝶蘭白３本立ちです。お祝い系のラッピングをあしらいました。14時までのご注文は最短で即日出荷対応。更に全国送料無料にてお届けいたします。,開店祝い 上場祝い 就任祝い 退職祝い 移転祝い 周年祝い　お誕生日祝い 結婚記念日祝い 結婚祝い 出産祝い 賀寿のお祝い 叙勲祝い  引っ越し祝い 楽屋見舞い お礼 ご挨拶 ,1,1:1:1:1:1:1:1:1:1:1:1:1,0,1,9999,1,1,0,鉢,ht-86
寒さの中にしっかり春を感じるアレンジメント　送料無料！,5400,,1,1,（W）30cm×（H）30ｃｍ,春の息吹！猫柳に赤のチューリップ、赤バラなど赤系のアレンジメントです。,御祝　誕生日　開店祝い,1,1:1::::::::::1,0,1,9999,1,1,0,個,ar01-2402
チューリップが春を感じさせるアレンジメント　送料無料！,5400,,1,1,30cm×30ｃｍ,黄色のアレンジメント　元気が出る黄色でアレンジしました。お見舞いに如何ですか。,お見舞い,1,1:1:1:::::::::1,0,1,9999,1,1,0,個,ar01-1801
エレガントなピンク系フラワーアレンジメント　送料無料！,5400,,1,1,20cm×40cm,春のお花が器からはみだすほどのボリュームです。,お誕生日祝い  結婚記念日祝い 結婚祝　開店祝い ,1,1:1:1:::::::::1,0,1,9999,1,1,0,個,mt-313
豪華な洋花すっきりカラーのフラワーアレンジメント　送料無料！,21600,,1,1,70cm×50cm,グリーンでまとめたフラワーアレンジメントです。ワンポイントの胡蝶蘭が豪華です。,開店祝い 上場祝い　御供え,1,1:1:1:1:1:1:1:1:1:1:1:1,0,1,9999,1,1,0,個,st-15
白上がり洋花フラワーアレンジメント　送料無料！,12960,,1,1,７０ｃｍ×７０ｃｍ,清楚な白の花でアレンジしました。お祝いに喜ばれています。,記念日　お盆　初盆　新盆　,1,1:1:1:1:1:1:1:1:1:1:1:1,0,1,9999,1,1,0,個,mt-408
エレガントでふんわりしたフラワーアレンジメント　送料無料！,5400,,1,1,h300×w320,やさしくピンク系にまとめました。冬季のコンポートが上品に見せています。<br>ピンク系アレンジメント,お誕生日祝い  結婚記念日祝い 結婚祝い 出産祝い　退職祝い 移転祝い 周年祝い 引っ越し祝い 楽屋見舞い,1,1:1:1:1:1:1:1:1:1:1:1:1,0,1,9999,1,1,0,個,MT-46
当店売れ筋！青がスパイスになったフラワーアレンジメント　送料無料！,5400,,1,1,w400×h400,ピンクオリエンタル系ゆりを入れ豪華にまとめました。<br>人気の商品です。ピンク系アレンジメント, 結婚記念日祝い 結婚祝い 開店祝い 移転祝い,1,1:1:1:1:1:1:1:1:1:1:1:1,0,1,9999,1,1,0,個,MT-73
豪華なピンクのフラワーアレンジメント　送料無料！,10800,,1,1,w300×h280,ピンク系でまとめ、大きなつくりとなっています。ピンク系アレンジメント, 結婚祝い 出産祝い　開店祝い,1,1:1:1:1::::::::1,0,1,9999,1,1,0,個,MT-110
シンプルさがかわいらしいフラワーアレンジメント　送料無料！,5400,,1,1,30cm×30ｃｍ,白を基調にしたスタンダードな御供のフラワーアレンジメントです。,ご葬儀 法事　初盆,1,1:1:1:1:1:1:1:1:1:1:1:1,0,1,9999,1,1,0,個,mt-811
大胆な造形が美しいフラワーアレンジメント　送料無料！,10800,,1,1,60×70cm,色とりどりの花を使用した、とっても華やかなフラワーアレンジメントです。企業の贈り物としてもとても喜ばれる商品です,開店祝い　誕生日　周年祝　,1,1:1:1:1:1:1:1:1:1:1:1:1,0,1,9999,1,1,0,個,mt-409
個性豊かな色合いでどんなシーンにもマッチするフラワーアレンジメント　送料無料！,8640,,1,1,40cm×45cm,使用花材：シンビジューム、アンスリュームなどの洋花とバラのミックスで上品にアレンジしました。御祝やお見舞いなどに選ばれています。,退職祝い　栄転祝い　入社祝い　入学祝,1,1:1:1:1:1:1:1:1:1:1:1:1,0,1,9999,1,1,0,個,mt-407
黄色と緑でフレッシュな色合いのフラワーアレンジメント　送料無料！,8640,,1,1,40cm×40cm,シンプルにグリーンと黄色系のアレンジメントです。<br>春先から初夏にかけて爽やかなイメージでお届けいたします。,御祝　お見舞い,1,1:1:1:1:1:1:1:1:1:1:1:1,0,1,9999,1,1,0,個,mt-406
オリエンタル白ユリが２本も入ったお値打ちフラワーアレンジメント　送料無料！,5400,,1,1,30×50cm,オリエンタル系の白ユリをメインに使用したフラワーアレンジメントです。,退職祝い　送別会　歓迎会,1,1:1:1:::::::::1,0,1,9999,1,1,0,個,mt-402
オーソドックスなスタイルのお供えフラワーアレンジメント　送料無料！,8640,,1,1,60×70cm,菊を使った和風的な花　ご法事や御供えにどうぞ,お供え　法事　葬儀　周忌　初盆,1,1:1:1:1:1:1:1:1:1:1:1:1,0,1,9999,1,1,0,個,mt-401
暖かみのあるオレンジ系花束　送料無料！,5400,,2,1,30×30×45cm,秋らしく、黄色オレンジ系でまとめました。<br>敬老の日の贈り物などに最適です。黄色、オレンジ系の花束,引っ越し祝い 楽屋見舞い お礼 ご挨拶 ,1,1:1:1:1:1:1:1:1:1:1:1:1,0,1,9999,1,1,0,束,ht-314
白系でまとまった洋風フラワーアレンジメント　送料無料！,12960,,1,1,50cm（W）×80cm（H）,お供え用に白一色の花で作ったアレンジメントです。菊を使った和風の花材に白バラや白のアンスリュームなど洋風の花も入れて豪華なアレンジにしました。,お供え　初盆,1,1:1:1:1:1:1:1:1:1:1:1:1,0,1,9999,1,1,0,個,mt-405
エレガントな雰囲気なお供えフラワーアレンジメント　送料無料！,6480,,1,1,40cm×60cm,オリエンタル白ユリをメインに使ったフラワーアレンジメントです。,ご葬儀 法事　開店祝い 周年祝い　賀寿 叙勲祝い楽屋見舞い お礼オリエンタル白ユリ,1,1:1:1:1::::::::,0,1,9999,1,1,0,個,mt-813
極彩色でまとまったお供えフラワーアレンジメント　送料無料！,8640,,1,1,45cm×35cm,ユリをメインに使った御供えのフラワーアレンジメントです。,ご葬儀 法事　お供え お盆　初盆,1,1:1:1:1:1:1:1:1:1:1:1:1,0,1,9999,1,1,0,個,mt-812
調度品の様な重厚感のあるお供えフラワーアレンジメント　送料無料！,10800,,1,1,70cm×50cm,オリエンタル白ユリをメインに使ったフラワーアレンジメントです。,ご葬儀 法事　カラー白　オリエンタル白ユリ,1,1:1:1:::::::::1,0,1,9999,1,1,0,個,mt-814
さし色がアクセントになったお供えフラワーアレンジメント　送料無料！,12960,,1,1,80cm×60cm,オリエンタル白ユリとシンビジュームをメインに使ったフラワーアレンジメントです。,ご葬儀 法事　盆,1,1:1:1:1:1:1:1:1:1:1:1:1,0,1,9999,1,1,0,個,mt-815
器にもこった白上がりお供えフラワーアレンジメント　送料無料！,16200,,1,1,80cm×70cm,オリエンタル白ユリと胡蝶蘭が入った豪華なフラワーアレンジメントです。白系フラワーアレンジメント,ご葬儀 法事　盆,1,1:1:1:1:1:1:1:1:1:1:1:1,0,1,9999,1,1,0,個,mt-816
緑がノスタルジックな花束　送料無料！,8640,,2,1,30cm×30ｃｍ×40ｃｍ,グリーンの花材を使用した花束です。, 結婚記念日　 結婚祝い 出産祝い,1,1:1:1:1:1:1:1:1:1:1:1:1,0,1,9999,1,1,0,束,ht-313
緑系でまとまったスタイリッシュな花束　送料無料！,5400,,2,1,30cm×30ｃｍ×30ｃｍ,グリーンの花材を使用した花束です。グリーン系花束,結婚記念日祝い 結婚祝い 出産祝い,1,1:1:1:1:1:1:1:1:1:1:1:1,0,1,9999,1,1,0,束,ht-312
緑がさわやかなフラワーアレンジメント　送料無料！,7560,,1,1,30cm×30ｃｍ,菊とシンビジュームを使用したフラワーアレンジメントです。淡い色合いでコンパクトにまとめました。白系フラワーアレンジメント,初盆　御供え,1,::1:1:1:1:1:1:1:1::,0,1,9999,1,1,0,個,mt-327
カサブランカとシンビジウムの白系花束　送料無料！,7560,,2,1,60cm×40cm,オリエンタルのユリを使った豪華な花束です。お供え用としても使えますがラッピングを変えることによりお祝いとしても使えます。,結婚記念日　開店祝い,1,1:1:1:1:1:1:1:1:1:1:1:1,0,1,9999,1,1,0,束,ht-803
白上がりでまとめた花束　送料無料！,5400,,2,1,60cm×40cm,白ユリと白バラで作った御供えの花束です。清楚な感じで仕上がってます。白系花束,ご葬儀 法事　盆,1,1:1:1:1:1:1:1:1:1:1:1:1,0,1,9999,1,1,0,束,ht-805
秋の落葉をイメージしたフラワーアレンジメント　送料無料！,5400,,1,1,30cm×30ｃｍ,ダリアをメインに使った秋のフラワーアレンジメントです。ファーガスという枯葉に見立てたプリザーブドフラワーも使用しています。,結婚記念日祝い 結婚祝い,1,::::::1:1:1:1::,0,1,9999,1,1,0,個,mt-320
ピンクのリンドウが華やかさを演出するフラワーアレンジメント　送料無料！,5400,,1,1,20cm×25cm,秋の行楽をイメージしたフラワーアレンジメントです。ぎっしりつまったお花が楽しいイメージを出しています。,結婚祝い 出産祝い,1,::::::1:1:1:1::,0,1,9999,1,1,0,個,mt-316
和風のお供えフラワーアレンジメント　送料無料！,10800,,1,1,60cm×40cm,ユリや蘭を多く使用しています。しかもコンパクトにまとめているので飾る場所を選びません。,ご葬儀 法事　初盆,1,1:1:1:1:1:1:1:1:1:1:1:1,0,1,9999,1,1,0,個,mt-810
太陽のように明るいフラワーアレンジメント　送料無料！,16200,,1,1,80cm×70cm,ヒマワリを多く使用した大きなフラワーアレンジメントです。とても大きなつくりなのでスタンド花にも負けない豪華さです。,　開店祝い 上場祝い 周年祝い,1,::1:1:1:1:1:1:1:1:1:,0,1,9999,1,1,0,個,mt-120
洋花を豪華にまとめた花束　送料無料！,5400,,2,1,60cm×40cm,御供えの大振りな花束です。小さなお花がたくさん入っているのでボリュームのある仕上がりになっています。,ご葬儀 法事,1,1:1:1:::::::::1,0,1,9999,1,1,0,束,ht-802
洋花を凛とあしらったお供えフラワーアレンジメント　送料無料！,6480,,1,1,60cm×40cm,大振りのお花を入れた御供えのフラワーアレンジメントです。冬・春のお花でまとめています。,ご葬儀 法事　御供え,1,1:1:1:::::::::1,0,1,9999,1,1,0,個,mt-805
春めいたパステルピンクの花束　送料無料！,5400,,2,1,30cm×30ｃｍ,春のお花をふんだんに使った花束です。春らしくカワイイ仕上がりですね。,お誕生日祝い  結婚記念日祝い 結婚祝い  移転祝い 周年祝い 引っ越し祝い 楽屋見舞い お礼 ご挨拶 卒業祝い　賀寿 叙勲祝い 季節春　カラーピンク　バラ　カーネーション　ガーベラ　スイトピー,1,1:1:1:1::::::::,0,1,9999,1,1,0,束,ht-308
赤バラのみの花束　送料無料！,6480,,2,1,50cm×40cm,赤バラのみを使用した花束です。御祝には赤がつき物なのでお勧め度は高いです。,お誕生日祝い  結婚記念日祝い 結婚祝い 出産祝い祝い 周年祝い 引っ越し祝い 楽屋見舞い お礼 ご挨拶 卒業祝い　賀寿 叙勲祝い　カラー赤　赤バラ　即日,1,1:1:1:1:1:1:1:1:1:1:1:1,0,1,9999,1,1,0,束,ht-303
赤、ピンク系の洋花花束　送料無料！,8640,,2,1,70cm×50cm,ユリ系のお花でまとめています。ユリの持つ高貴な感触は他では味わえません。,祝い,1,1:1:1:1:1:1:1:1:1:1:1:1,0,1,9999,1,1,0,束,ht-302
かすみ草だけの花束　送料無料！,6480,,2,1,60cm×40cm,カスミ草のみの花束です。ある意味贅沢な花束ですね。,お祝い ,1,1:1:1:1:1:1:1:1:1:1:1:1,0,1,9999,1,1,0,束,ht-301
ランチボックスみたいなかごがかわいらしいピンク系フラワーアレンジメント　送料無料！,6480,,1,1,30cm×40ｃｍ,ランチ用のバスケットにお花を活けました。見てるだけで楽しくなるフラワーアレンジメントです。,お誕生日祝い  結婚記念日祝い 結婚祝い 場祝い 就任祝い 退職祝い 移転祝い 周年祝い 引っ越し祝い 楽屋見舞い お礼 ご挨拶 卒業祝い　賀寿 叙勲祝い 季節春　カラーピンク　ピンクバラ　スイトピー,1,1:1:1:::::::::1,0,1,9999,1,1,0,個,mt-304
３色のバラがエレガントな花束　送料無料！,5400,,2,1,40cm×40cm,当店自慢の人気商品です。３色のバラが豪華です。綺麗系花束, 結婚記念日祝い 結婚祝い 出産祝い,1,1:1:1:1:1:1:1:1:1:1:1:1,0,1,9999,1,1,0,束,ht-201
洋花白上がりの枕花　送料無料！,16200,,4,1,100cm×80cm,かご入りのお供えのお花。小ぶりなサイズにギュッと詰め込みました。<br><br>価格：１基；15750円（消費税税込み）　 １対；31500円（消費税込み）<br>※1対をご注文の際は、数量を2としてください。 ,ご葬儀 法事　御供え　初盆,1,1:1:1:1:1:1:1:1:1:1:1:1,0,1,9999,1,1,0,基,ST2002
黄色の華やか花束　送料無料！,5400,,2,1,50cm×40cm,黄色系花束。黄バラ・オンシジューム・ゴットセフィアナなどを使用して黄色系で花束にしました。<br>黄色系花束, 結婚記念日祝い 出産祝い,1,1:1:1:1:1:1:1:1:1:1:1:1,0,1,9999,1,1,0,束,MT-50
黄色の豪華フラワーアレンジメント　送料無料！,5400,,1,1,w300×h450,黄色・パープル系でまとめました<br>豪華で人気商品です。ピンク系アレンジメント,開店祝い　退職祝い ,1,1:1:1:1:1:1:1:1:1:1:1:1,0,1,9999,1,1,0,個,MT-47
黄色のはなやかフラワーアレンジメント　送料無料！,5400,,1,1,w300×h450,サンダーソニア・黄色オレンジ系のバラ・オンシジュームなどを使ってゴージャスにまとめてみました。<br>黄色系フラワーアレンジメント, 出産祝い　開店祝い,1,1:1:1:1:1:1:1:1:1:1:1:1,0,1,9999,1,1,0,個,MT-40
黄色のさわやかフラワーアレンジメント　送料無料！,5400,,1,1,w300×h450,黄色系でまとめました。<br><br>使用花器:かご黄色系アレンジメント,出産祝い退職祝い 移転祝い,1,1:1:1:1:1:1:1:1:1:1:1:1,0,1,9999,1,1,0,個,MT-63
カサブランカメインのフラワーアレンジメント　送料無料！,10800,,1,1,60cm×40cm,オリエンタル白ユリをメインに作りました。とても豪華です。,開店祝い 移転祝い ,1,1:1:1:1:1:1:1:1:1:1:1:1,0,1,9999,1,1,0,個,mt-808
洋風お供えフラワーアレンジメント　送料無料！,8640,,1,1,50cm×40cm,オリエンタル白ユリをメインに入れて作りました。とても豪華です。,御供え,1,1:1:1:::::::::1,0,1,9999,1,1,0,個,mt-806
洋風お供えフラワーアレンジメント　送料無料！,5400,,1,1,60cm×40cm,サンダーソニアをメインに使ったフラワーアレンジメントです。,ご葬儀 法事　御供え,1,1:1:1:1:1:1:1:1:1:1:1:1,0,1,9999,1,1,0,個,mt-804
アンスリウム入りピンクフラワーアレンジメント　送料無料！,5400,,1,1,30×25cm,アンスリュームとデンファレが、夏の訪れを感じさせてくれる、アレンジメントです。きつ過ぎず、爽やか過ぎない色合いが、とってもGOOD！,結婚祝い　結婚記念日　誕生日,1,1:1:1:1:1:1:1:1:1:1:1:1,0,1,9999,1,1,0,個,mt-411
ミディ胡蝶蘭ピンク5本立ち　送料無料！即日出荷対応！,12960,,3,1,45×50cm,華やかなピンクがとても美しいミディ胡蝶蘭の５本立ちです。お祝いのご用途にとってもマッチします。個人様から法人様までどんなお祝いにご利用いただいても、喜ばれる胡蝶蘭です同梱物：胡蝶蘭の管理方法,　開店祝い　就任祝い　周年祝い　移転祝い,1,1:1:1:1:1:1:1:1:1:1:1:1,0,1,9999,1,1,0,鉢,ht-90
ミディ胡蝶蘭白３本立ち　送料無料！即日出荷対応！,8640,,3,1,30×50cm,白のミディ胡蝶蘭です。お供え用のラッピングで仕上げた商品になります。故人の仏前に供えるのに最適なお花です同梱物：胡蝶蘭の管理方法,法事　葬儀　初盆,1,1:1:1:1:1:1:1:1:1:1:1:1,0,1,9999,1,1,0,鉢,ht-100
ミディ胡蝶蘭ピンク３本立ち　送料無料！即日出荷対応！,8640,,3,1,30×50cm,ピンクのかわいらしいミディ系胡蝶蘭です。お祝い系のラッピングをあしらいました。同梱物：胡蝶蘭の管理方法,お誕生日祝い 結婚記念日祝い 結婚祝い,1,1:1:1:1:1:1:1:1:1:1:1:1,0,1,9999,1,1,0,鉢,ht-87
胡蝶蘭黄色中輪系５本立ち　送料無料！即日出荷対応！,21600,,3,1,80cm×60cm,珍しい黄色の中輪胡蝶蘭５本立ちです。黄色のが珍しいのでいつもと違った胡蝶蘭をお探しのにお勧めの商品です。同梱物：胡蝶蘭の管理方法,カラー黄色　お誕生日祝い  結婚記念日祝い 結婚祝い 出産祝い　開店祝い 上場祝い 就任祝い 退職祝い 移転祝い 周年祝い 引っ越し祝い 楽屋見舞い お礼 ご挨拶 卒業祝い　,1,1:1:1:1:1:1:1:1:1:1:1:1,0,1,9999,1,1,0,鉢,ht-92
ミディ胡蝶蘭黄色３本立ち　送料無料！,6480,,3,1,30×50cm,黄色のかわいらしいミディ胡蝶蘭の３本立ちです。かわいらしさの中に華やかさを持った、素敵な胡蝶蘭です。同梱物：胡蝶蘭の管理方法,お誕生日祝い 結婚記念日祝い 結婚祝い 出産祝い 賀寿のお祝い 叙勲祝い  引っ越し祝い 楽屋見舞い お礼 ご挨拶 卒業祝い　開店祝い 上場祝い 就任祝い 退職祝い 移転祝い 周年祝い　カラー黄色,1,1:1:1:1:1:1:1:1:1:1:1:1,0,1,9999,1,1,0,鉢,ht-85
胡蝶蘭白大輪系３本立ち　お供えラッピング　送料無料！即日出荷対応！,21600,,3,1,45×80cm,白の大輪系胡蝶蘭の3本立ちです。お供えラッピングをあしらいました。故人のご仏前やご葬儀にお供えするのに最適なお花です。同梱物：胡蝶蘭の管理方法,法事　ご葬儀　お供え　初盆 即日,1,1:1:1:1:1:1:1:1:1:1:1:1,0,1,9999,1,1,0,鉢,ht-97
胡蝶蘭白大輪系5本立ち　お供えラッピング　送料無料！即日出荷対応！,32400,,3,1,60×80cm,白の大輪系胡蝶蘭5本立ちです。お供えラッピングをあしらいました。故人のご仏前にお供えするのに最適なお花です。同梱物：胡蝶蘭の管理方法,カラー白　法事　葬儀　お供え,1,1:1:1:1:1:1:1:1:1:1:1:1,0,1,9999,1,1,0,鉢,ht-95
ミディ胡蝶蘭白5本立ち　お供えラッピング　送料無料！即日出荷対応！,12960,,3,1,45×50cm,白のミディ胡蝶蘭の5本立ちです。お供えのラッピングをあしらいました。故人のご仏前にお供えするのに最適な商品です同梱物：胡蝶蘭の管理方法,カラー白　法事　葬儀　初盆　お供え 即日,1,1:1:1:1:1:1:1:1:1:1:1:1,0,1,9999,1,1,0,鉢,ht-98
胡蝶蘭白大輪系３本立ち　お供えラッピング　送料無料！即日出荷対応！,16200,,3,1,45×75cm,白の大輪系胡蝶蘭3本立ちです。お供えのラッピングをあしらいました。故人のご仏前にお供えするのに最適なお花です。同梱物：胡蝶蘭の管理方法,カラー白　法事　葬儀　お供え 即日,1,1:1:1:1:1:1:1:1:1:1:1:1,0,1,9999,1,1,0,鉢,ht-96
アレンジメント　送料無料！即日出荷対応！,5400,,1,1,30cm×30ｃｍ,スイトピーをメインにピンク系で可愛くアレンジしました。器にもこだわった上品なアレンジメントです。,誕生日　御祝,1,1:1::::::::::1,0,1,9999,1,1,0,個,ar01-1502
アレンジメント【花の南福花園オリジナル】,3240,,1,1,20cm×25cm,可愛いミッキーとミニーの器にアレンジしました。可愛いですよ！！,お見舞い　誕生日,1,1:1:1:::::::::,0,1,9999,1,1,0,個,ar01-1601
アレンジメント　送料無料！即日出荷対応！,10800,,1,1,50cm×60cm,豪華にアレンジしました。開店祝いや周年祝いに如何ですか。,開店祝い　周年祝い,1,1:1:1:1:1:1:1:1:1:1:1:1,0,1,9999,1,1,0,個,ar01-1702
アレンジメント【花の南福花園オリジナル】,3240,,1,1,25cm×25cm,ピンクのオリエンタルゆりを使用した豪華なアレンジメントです。誕生日の贈り物に如何でしょうか！,誕生日,1,1:1::::::::::,0,1,9999,1,1,0,個,ar01-2001
アレンジメント【花の南福花園オリジナル】,3240,,1,1,25ｃｍ×25ｃｍ,アンスリュームも入った豪華なアレンジメントです。誕生日や記念日にどうぞ！,誕生日　記念日,1,1:1:1:::::::::1,0,1,9999,1,1,0,個,ar01-1802
アレンジメント【花の南福花園オリジナル】,3240,,1,1,25ｃｍ×25ｃｍ,春の花のアレンジメントです。春の日差しをいっぱいに受けた元気な花で作りました。,誕生日,1,1:1::::::::::1,0,1,9999,1,1,0,個,ar01-1602
フラワーアレンジメント【花の南福花園オリジナル】,3240,,1,1,30cm×30ｃｍ,赤いチューリップが上品なフラワーアレンジメントです。赤系フラワーアレンジメント,お誕生日祝い  結婚記念日,1,1:1:1:::::::::1,0,1,9999,1,1,0,個,mt-005
フラワーアレンジメント【花の南福花園オリジナル】,3240,,1,1,30cm×30ｃｍ,ピンクのチューリップが可愛いフラワーアレンジメントです。, 出産祝い 卒業祝い,1,1:1:1:1:1:1:1:1:1:1:1:1,0,1,9999,1,1,0,個,mt-004
アレンジメント　送料無料！即日出荷対応！,5400,,1,1,25ｃｍ×25ｃｍ,ピンク系ゆりなどピンク系でまとめた豪華なアレンジmrんとです。誕生祝のプレゼントにどうぞ,誕生日　ピンク系,1,1:1:1:::::::::1,0,1,9999,1,1,0,個,ar01-2603
アレンジメント【花の南福花園オリジナル】,3240,,1,1,（W）25cm×（H）30cm,白のオリエンタルのゆりに白バラなど白の中に紫のバラをポイントに入れた上品なアレンジメントです。記念日のプレゼントに如何ですか。,結婚記念日,1,1:1:1:::::::::1,0,1,9999,1,1,0,個,ar01-2601
フラワーアレンジメント【花の南福花園オリジナル】,3240,,1,1,20cm×25cm,チューリップを使った春のイメージのフラワーアレンジメントです。,お見舞い　誕生日,1,1:1:1:1:1:1:1:1:1:1:1:1,0,1,9999,1,1,0,個,mt-312
フラワーアレンジメント【花の南福花園オリジナル】,3780,,1,1,30cm×25ｃｍ,黄色のバラをメインに色を合わせました。黄色系フラワーアレンジメント,お見舞い,1,1:1:1:::::::::1,0,1,9999,1,1,0,個,mt-006
ピンクのショートブーケ（花束）【花の南福花園オリジナル】,3240,,2,1,30×45cm,人気のショートブーケタイプの花束です。ピンクのお花で色合いがまとまっていて、キュートな女性への贈り物にもってこいです。,誕生日祝い　結婚祝い　結婚記念日,1,1:1:1:1:1:1:1:1:1:1:1:1,0,1,9999,1,1,0,束,ht-415
フラワーアレンジメント【花の南福花園オリジナル】,3240,,1,1,w300×h280,赤系のアレンジメントです。<br>赤系アレンジメント,お誕生日祝い  結婚記念日,1,1:1:1:1:1:1:1:1:1:1:1:1,0,1,9999,1,1,0,個,MT-45
アレンジメント【花の南福花園オリジナル】,3240,,1,1,25cm×25cm,ピンク系で代表的な春の花、チューリップやスイトピーストックなどで作りました。,誕生日,1,1:1:1:::::::::1,0,1,9999,1,1,0,個,ar01-1501
フラワーアレンジメント【花の南福花園オリジナル】,3240,,1,1,30cm×40ｃｍ,秋の花材を使ったフラワーアレンジメントです。,退職祝い 移転祝い 周年祝い,1,::::::::1:1:1:,0,1,9999,1,1,0,個,mt-201
フラワーアレンジメント【花の南福花園オリジナル】,3780,,1,1,15×25cm,爽やかなグリーンのお花でまとめたフラワーアレンジメントです。コンパクトなサイズでちょっとしたお気持ちのギフトに最適な商品です。,お誕生日祝い,1,1:1:1:1:1:1:1:1:1:1:1:1,0,1,9999,1,1,0,個,mt-336
フラワーアレンジメント【花の南福花園オリジナル】,4320,,1,1,30×30cm,爽やかなグリーンのお花でまとめたフラワーアレンジメントです。アンスリウムを大胆にレイアウトした印象的なスタイルに仕上がりました。,お誕生日祝い 結婚記念日,1,1:1:1:1:1:1:1:1:1:1:1:1,0,1,9999,1,1,0,個,mt-334
フラワーアレンジメント【花の南福花園オリジナル】,3240,,1,1,30cm×30ｃｍ,菊・マムを使用した和風テイストのフラワーアレンジメントです。秋の雰囲気を味わうにはもってこいのアレンジです。,お誕生日祝い  結婚記念日祝い 結婚祝い 出産祝い　開店祝い 就任祝い 退職祝い 移転祝い 周年祝い　引っ越し祝い お礼 ご挨拶 季節秋　カラー黄　オレンジ　黄バラスプレーマム　カーネーション,1,1:1:1:1:1:1:1:1:1:1:1:1,0,1,9999,1,1,0,個,mt-329
フラワーアレンジメント【花の南福花園オリジナル】,5400,,1,1,30cm×40ｃｍ,菊・マムを使用した秋のフラワーアレンジメントです。オリエンタル白ユリも入っているので豪華さが違います。,お誕生日祝い  結婚記念日祝い 結婚祝い 出産祝い　開店祝い 上場祝い 就任祝い 退職祝い 移転祝い 周年祝い 引っ越し祝い 楽屋見舞い お礼 ご挨拶 卒業祝い　賀寿 叙勲祝い ご葬儀 法事　季 節秋　カラーグリーン　赤　白　赤バラ　オレンジバラ　スプレーマム　オリエンタル白ユリ,1,1:1:1:1:1:1:1:1:1:1:1:1,0,1,9999,1,1,0,個,mt-328
フラワーアレンジメント【花の南福花園オリジナル】,4320,,1,1,30cm×25ｃｍ,ダリアがメインのフラワーアレンジメントです。ワンポイントが利いた色合いになってます。,お誕生日祝い  結婚記念日,1,::1:1:1:1:1:1:1:1::,0,1,9999,1,1,0,個,mt-325
花束【花の南福花園オリジナル】,5400,,2,1,30cm×30ｃｍ×30ｃｍ,ダリアとピンクバラを使用した花束です。ふんわりとしたかわいい感じで仕上がってます,結婚祝い 出産祝い,1,::1:1:1:1:1:1:1:1::,0,1,9999,1,1,0,束,ht-310
フラワーアレンジメント【花の南福花園オリジナル】,3780,,1,1,25cm×25cm×10cm,赤バラをコンパクトにまとめたフラワーアレンジメントです。色使いが上品ですね。,お誕生日祝い,1,1:1:1:1:1:1:1:1:1:1:1:1,0,1,9999,1,1,0,個,mt-322
フラワーアレンジメント【花の南福花園オリジナル】,4320,,1,1,30cm×20cm,竜胆（リンドウ）がメインのフラワーアレンジメントです。コンパクトにまとめたお花がかわいいですね。, 結婚記念日,1,:::::1:1:1:1:1::,0,1,9999,1,1,0,個,mt-315
フラワーアレンジメント【花の南福花園オリジナル】,4320,,1,1,30cm×20cm,,,1,:::::1:1:1:1:::,0,1,9999,1,1,0,個,mt-314
花束【花の南福花園オリジナル】,3240,,2,1,30cm×30ｃｍ×30ｃｍ,スタンダードな白の御供えの花束です。,ご葬儀 法事,1,1:1:1:1:1:1:1:1:1:1:1:1,0,1,9999,1,1,0,束,ht-804
フラワーアレンジメント【花の南福花園オリジナル】,8640,,1,1,40cm×40cm,比較的大きなバスケットに活けています。洋風でまとめていますので和風とは違った雰囲気です。,ご葬儀 法事,1,1:1:1:1:1:1:1:1:1:1:1:1,0,1,9999,1,1,0,個,mt-809
フラワーアレンジメント【花の南福花園オリジナル】,3240,,1,1,25×25cm,黄色系の花材でまとめたフラワーアレンジメントです,お誕生日祝い 結婚記念日祝い 結婚祝い 出産祝い 賀寿のお祝い 叙勲祝い  引っ越し祝い 楽屋見舞い お礼 ご挨拶 卒業祝い 季節春　カラー黄色　ガーベラ　黄バラ　カラー,1,1:1:1:1:1:1:1:1:1:1:1:1,0,1,9999,1,1,0,個,mt-007
花束【花の南福花園オリジナル】,3240,,2,1,30cm×40ｃｍ,黄色のチューリップだけで作った花束です。春を感じさせる花束ですね。,お誕生日祝い  結婚記念日祝い 結婚祝い 出産祝い　開店祝い 上場祝い 就任祝い 退職祝い 移転祝い 周年祝い 引っ越し祝い 楽屋見舞い お礼 ご挨拶 卒業祝い　カラー黄　季節春　黄色チューリップ　グリーン,1,1:1:1:::::::::1,0,1,9999,1,1,0,束,ht-309
花束【花の南福花園オリジナル】,3240,,2,1,50cm×40cm,春のお花でまとめた御供えの花束です。スイトピーでやわらかい色あいに仕上げています。,ご葬儀 法事　季節春　カラー白　ピンク　グラジオラス　ストック　スイトピー,1,1:1:1:::::::::1,0,1,9999,1,1,0,個,ht-801
花束【花の南福花園オリジナル】,4320,,2,1,30cm×30ｃｍ,春のお花を使って黄色・オレンジ系で仕上げました。黄色系花束,お誕生日祝い  結婚記念日祝い 結婚祝い 出産祝い　開店祝い 上場祝い 就任祝い 退職祝い 移転祝い 周年祝い 引っ越し祝い 楽屋見舞い お礼 ご挨拶 卒業祝い　賀寿 叙勲祝い　オレンジバラ　黄バラ　カスミ草　グリーン,1,1:1:1:::::::::1,0,1,9999,1,1,0,束,ht-306
花束【花の南福花園オリジナル】,3240,,2,1,30cm×30ｃｍ,春のお花を使って色とりどりにまとめました。春らしい色合いになってます。,お誕生日祝い  結婚記念日祝い 結婚祝い 出産祝い　開店祝い 上場祝い 就任祝い 退職祝い 移転祝い 周年祝い 引っ越し祝い 楽屋見舞い お礼 ご挨拶 卒業祝い　賀寿 叙勲祝い 季節春　カラーミックス　チューリップ　カスミ草　スイトピー,1,1:1:1:::::::::1,0,1,9999,1,1,0,束,ht-305
フラワーアレンジメント【花の南福花園オリジナル】,3240,,1,1,30cm×25ｃｍ,黒の器にシックな仕上げをしました。上品なフラワーアレンジメントです。,お誕生日祝い  結婚記念日祝い 結婚祝い 出産祝い　開店祝い 上場祝い 就任祝い 退職祝い 移転祝い 周年祝い 引っ越し祝い 楽屋見舞い お礼 ご挨拶 卒業祝い　賀寿 叙勲祝い カラーミックス　ピンクバラ　アルストロメリア,1,1:1:1:1:1:1:1:1:1:1:1:1,0,1,9999,1,1,0,個,mt-309
フラワーアレンジメント【花の南福花園オリジナル】,3240,,1,1,25cm×25cm,彫刻を連想するシックな花器で作りました。コンパクトながらぎっしりとつまった春の花が可愛らしいです。,お誕生日祝い  結婚記念日祝い 結婚祝い 出産祝い　開店祝い 上場祝い 就任祝い 退職祝い 移転祝い 周年祝い 引っ越し祝い 楽屋見舞い お礼 ご挨拶 卒業祝い　賀寿 叙勲祝い 季節春　カラーピンク　ピンクバラ　スイトピー　カーネーション,1,1:1:1:::::::::1,0,1,9999,1,1,0,個,mt-308
フラワーアレンジメント【花の南福花園オリジナル】,3780,,1,1,30cm×20cm,チューリップをメインにしたフラワーアレンジメントです。器に使用したバスケットもかわいいですね。ピンク系フラワーアレンジメント,お誕生日祝い  結婚記念日祝い 結婚祝い 出産祝い　開店祝い 上場祝い 就任祝い 退職祝い 移転祝い 周年祝い 引っ越し祝い 楽屋見舞い お礼 ご挨拶 卒業祝い　賀寿 叙勲祝い 季節春　カラーピンク　チューリップ　スイトピー　グリーン,1,1:1:1:::::::::1,0,1,9999,1,1,0,個,mt-306
フラワーアレンジメント【花の南福花園オリジナル】,3780,,1,1,30cm×25ｃｍ,チューピップをメインにした黄色系のフラワーアレンジメントです。器に使用したバスケットもかわいいですね。黄色系フラワーアレンジメント,お誕生日祝い  結婚記念日祝い 上場祝い 就任祝い 退職祝い 移転祝い 周年祝い 引っ越し祝い 楽屋見舞い お礼 ご挨拶 卒業祝い　賀寿 叙勲祝い 季節春　カラー黄　チューリップ　スイトピー　グリーン,1,1:1:1:::::::::1,0,1,9999,1,1,0,個,mt-307
フラワーアレンジメント【花の南福花園オリジナル】,3780,,1,1,30cm×20cm,チューリップを使用したフラワーアレンジメントです。バラも入って豪華な感じです。,お誕生日祝い  結婚記念日祝い 結婚祝い 出産祝い　開店祝い 上場祝い 就任祝い 退職祝い 移転祝い 周年祝い 引っ越し祝い 楽屋見舞い お礼 ご挨拶 卒業祝い　賀寿 叙勲祝い 季節春　カラー赤　ピンク　チューリップ　ピンクバラ　グリーン,1,1:1:1:::::::::1,0,1,9999,1,1,0,個,mt-305
花束【花の南福花園オリジナル】,3240,,2,1,30cm×25ｃｍ,コンパクトに作ったブーケ風花束です。バラをメインにいれていますので、可愛らしさの中にも豪華さが引き立ちます。,お誕生日祝い  結婚記念日祝い 結婚祝祝い　引っ越し祝い お礼 ご挨拶 卒業祝い　カラーミックス　ピンクバラ　黄バラ　カーネーション,1,1:1:1:1:1:1:1:1:1:1:1:1,0,1,9999,1,1,0,束,ht-001
花束【花の南福花園オリジナル】,3780,,2,1,30cm×30ｃｍ,バラをメインに使ったブーケ風花束です。オレンジのバラが鮮やかです。,お誕生日祝い  結婚記念日祝い 結婚祝い 出産祝い　開店祝い　就任祝い 退職祝い 移転祝い 周年祝い　引っ越し祝い 楽屋見舞い お礼 ご挨拶 卒業祝い　賀寿 カラーオレンジ　オレンジバラ　グリーン,1,1:1:1:1:1:1:1:1:1:1:1:1,0,1,9999,1,1,0,束,ht-203
枕花　送料無料！即日出荷対応！,10800,,4,1,80cm×60cm,お供え用の枕花です。大きすぎず小さすぎず場所もとりません。,ご葬儀 法事　初盆,1,1:1:1:1:1:1:1:1:1:1:1:1,0,1,9999,1,1,0,個,HT3103
枕花　送料無料！即日出荷対応！,16200,,4,1,160cm×150cm,和風のイメージで焼杉の容器を使用しております。コンパクトにまとめました。<br><br>価格：１基；15750円（消費税税込み）　 １対；31500円（消費税込み）<br>※1対をご注文の際は、数量を2としてください。 ,ご葬儀 法事　御供え　初盆,1,1:1:1:1:1:1:1:1:1:1:1:1,0,1,9999,1,1,0,基,MH4303
幸せいっぱいグラスブーケ【花の南福花園オリジナル】,3729,,2,1,20cm×25cm,幸せがいっぱいつまったブーケ風花束です。当店の人気商品です。,結婚祝い 出産祝い,1,1:1:1:1:1:1:1:1:1:1:1:1,0,1,9999,1,1,0,束,mt-121
花束【花の南福花園オリジナル】,3240,,2,1,30cm×30ｃｍ,赤バラがメインのブーケ風花束です。対照の色の青を入れることで赤が引き立ちます。,お誕生日祝い  結婚記念日,1,1:1:1:1:1:1:1:1:1:1:1:1,0,1,9999,1,1,0,束,ht-202
枕花　送料無料！即日出荷対応！,16200,,4,1,80cm×60cm,中堅サイズの据え置き式お供え花。 法要などに丁度いいサイズです<br><br>価格：１基；15750円（消費税税込み）　 １対；31500円（消費税込み）<br>※1対をご注文の際は、数量を2としてください,ご葬儀 法事,1,1:1:1:1:1:1:1:1:1:1:1:1,0,1,9999,1,1,0,基,HT3102
枕花　送料無料！即日出荷対応！,21600,,4,1,80cm×60cm,リーズナブルな価格のコンパクトな据え置き式お供え花。<br><br>価格：１基；10500円（消費税税込み）　 １対；21000円（消費税込み）<br>※1対をご注文の際は、数量を2としてください。 ,ご葬儀 法事　御供え,1,1:1:1:1:1:1:1:1:1:1:1:1,0,1,9999,1,1,0,基,HT3101
御供スタンド花　送料無料！即日出荷対応！,21600,,4,1,200cm×150cm,２段スタンド<br>商品番号ST2001<br>価格は一基の金額です。1対の場合は数量を２としてください,ご葬儀,1,1:1:1:1:1:1:1:1:1:1:1:1,0,1,9999,1,1,0,基,ST-2001
御供スタンド花　送料無料！即日出荷対応！,32400,,4,1,220cm×150cm,豪華に3段盛りです。迫力満点の豪華スタンド花です。,ご葬儀,1,1:1:1:1:1:1:1:1:1:1:1:1,0,1,9999,1,1,0,基,MH4302
枕花　送料無料！即日出荷対応！,16200,,4,1,150cm×150cm,（お供え花)ミヤビ：so-001<br>足つきの籠に入ったお供え花です。祭壇の脇に飾れるように背丈を低くしております。 <br><br>価格：１基；15750円（消費税税込み）　 １対；31500円（消費税込み）<br>※1対をご注文の際は、数量を2としてください。,ご葬儀,1,1:1:1:1:1:1:1:1:1:1:1:1,0,1,9999,1,1,0,基,ST-1002
花束【花の南福花園オリジナル】,4320,,2,1,50cm×40cm,可愛くピンク系のバラ・ピンク系スプレーカーネション・カスミソウなどを使用して花束にしました。ピンクバラ花束, 出産祝退職祝い 移転祝い,1,1:1:1:1:1:1:1:1:1:1:1:1,0,1,9999,1,1,0,個,MT-44
花束【花の南福花園オリジナル】,3240,,2,1,L550×W300,紫系でまとめた花束です。<br><br>紫系花束, 結婚祝い 出産祝い退職祝い,1,1:1:1:1:1:1:1:1:1:1:1:1,0,1,9999,1,1,0,個,HT-704
花束【花の南福花園オリジナル】,3240,,2,1,L500×W300,情熱の色赤を基調とした花束です。<br>赤系花束,お誕生日祝い  結婚記念日,1,1:1:1:1:1:1:1:1:1:1:1:1,0,1,9999,1,1,0,束,HT-701
フラワーアレンジメント【花の南福花園オリジナル】,4320,,1,1,w300×h280,黄色系で鮮やかなアレンジに仕上げました。黄色系アレンジメント, 出産祝い　開店祝い,1,1:1:1:1:1:1:1:1:1:1:1:1,0,1,9999,1,1,0,個,MT-42
フラワーアレンジメント【花の南福花園オリジナル】,3240,,1,1,w300×h300,ブルー系でシックにまとめました。ブルー系アレンジメント,引っ越し祝いお礼 ご挨拶,1,1:1:1:1:1:1:1:1:1:1:1:1,0,1,9999,1,1,0,個,MT-74
フラワーアレンジメント,3240,,1,1,30cm×25ｃｍ,冬の花ストックをメインに使った御供えのフラワーアレンジメントです。,ご葬儀 法事　カラー白　ストック　菊　カスミ草,1,1:1:1:::::::::1,0,1,9999,1,1,0,個,mt-803
３色のバラとかすみ草でとっても華やか花束　送料無料！,7560,,2,1,50cm×40cm,バラをメインに使った花束です。見栄えが豪華なので御祝にはお勧めです。,お誕生日祝い  結婚記念日祝い 結婚祝い ,1,1:1:1:1:1:1:1:1:1:1:1:1,0,1,9999,1,1,0,束,ht-304
淡い緑の色合いにハートの器がマッチしたフラワーアレンジメント　送料無料！,6480,,1,1,25×25cm,爽やかなグリーンのお花でまとめたフラワーアレンジメントです。器がハート型になっているのが特徴的で、愛を形にしたい、そんなお気持ちにお答えできる商品です。,お誕生日祝い 結婚記念,1,1:1:1:1:1:1:1:1:1:1:1:1,0,1,9999,1,1,0,個,mt-335
白胡蝶蘭5本立ち　送料無料　即日発送対応,32400,,3,1,（W）60cm×（H）90cm,豪華な白の５本立ちの胡蝶蘭です。<br>大切な方への贈り物に如何でしょう白胡蝶蘭5本立ち,御祝　開店祝い　博多座　中洲　移転祝い,1,1:1:1:1:1:1:1:1:1:1:1:1,0,1,9999,1,1,0,個,HT-60
胡蝶蘭ピンク大輪系５本立ち　送料無料！,54000,,3,1,60×90cm,とっても豪華なピンクの大輪系胡蝶蘭の５本立ちです。圧倒的な迫力は、頂かれる方もインパクト大です。法人様のお買い求めの多い商品です同梱物：胡蝶蘭の管理方法,開店祝い 博多座　中洲　上場祝い 就任祝い 退職祝い 移転祝い 周年祝い 賀寿のお祝い 叙勲祝い 楽屋見舞い,1,1:1:1:1:1:1:1:1:1:1:1:1,0,1,9999,1,1,0,個,ht-84
胡蝶蘭白大輪系3本立ち　お祝いラッピング　送料無料！即日出荷対応！,10800,,3,1,30×45cm,白のかわいらしい大輪系胡蝶蘭です。少しコンパクトな大きさですが、おき場所を選ばず、個人の方のお宅でも飾っていただける商品です。白のスタンダードなスタイルが、個人の方から法人様まで幅広いご用途でご利用いただけます。,博多座　中洲　お誕生日祝い  叙勲祝い 引っ越し祝い 楽屋見舞い 開店祝い 上場祝い 就任祝い 退職祝い 移転祝い 周年祝い,1,1:1:1:1:1:1:1:1:1:1:1:1,0,1,9999,1,1,0,鉢,ht-73
胡蝶蘭ピンク大輪系3本立ち　送料無料！,16200,,3,1,70cm×50cm,ピンクの3本立ち胡蝶蘭です。この価格帯が一番法人様のご利用が多いです。お祝いのご用途に最適な商品です同梱物：胡蝶蘭の管理方法,お誕生日祝い 博多座　中洲　 叙勲祝い,1,1:1:1:1:1:1:1:1:1:1:1:1,0,1,9999,1,1,0,鉢,ht-74
胡蝶蘭ピンク大輪系3本立ち　送料無料！,27000,,3,1,45×60cm,ピンクの胡蝶蘭3本立ちです。オーソドックスなスタイルの中に華やかさを持った胡蝶蘭です。開店祝いなど法人様のご利用の多い商品です同梱物：胡蝶蘭の管理方法,博多座　中洲　お誕生日祝い 賀寿のお祝い 叙勲祝い  引っ越し祝い 楽屋見舞い 開店祝い 上場祝い 就任祝い 退職祝い 移転祝い 周年祝い,1,1:1:1:1:1:1:1:1:1:1:1:1,0,1,9999,1,1,0,鉢,ht-82
胡蝶蘭赤リップ大輪系3本立ち　送料無料！,27000,,3,1,60×70cm,セミアルバという色で、芯の部分だけが赤く、とても優美な雰囲気の胡蝶蘭です。御祝にもお供えにもご利用いただけますので、幅広いニーズにお答えできます。特に法人様のご利用の多い商品です同梱物：胡蝶蘭の管理方法, お誕生日祝い  博多座　中洲　結婚記念日祝い 結婚祝い 出産祝い　開店祝い 上場祝い 就任祝い 退職祝い 移転祝い 周年祝い 引っ越し祝い 楽屋見舞い  賀寿 叙勲祝い,1,1:1:1:1:1:1:1:1:1:1:1:1,0,1,9999,1,1,0,鉢,ht-91
胡蝶蘭ピンク大輪系3本立ち　送料無料！,10800,,3,1,30×45cm,ピンクの3本立ち胡蝶蘭です。かわいらしいコンパクトな大きさで置き場所を選ばず、個人の方のお宅にも飾っていただけます。スタンダードなスタイルが、個人様から法人様までどんなお祝いにもご利用いただける商品です。,お誕生日祝い  博多座　中洲　賀寿のお祝い 叙勲祝い  引っ越し祝い 楽屋見舞い お礼 ご挨拶 開店祝い 上場祝い 就任祝い 退職祝い 移転祝い 周年祝い,1,1:1:1:1:1:1:1:1:1:1:1:1,0,1,9999,1,1,0,鉢,ht-72
胡蝶蘭ピンク大輪系3本立ち　送料無料！,32400,,3,1,60×90cm,豪華なピンクの大輪系胡蝶蘭5本立ちです。どんなお祝いの用途にもぴったりな胡蝶蘭です。特に法人様からのご利用が多いです同梱物：胡蝶蘭の管理方法,博多座　中洲　お誕生日祝い  賀寿のお祝い 叙勲祝い  引っ越し祝い 楽屋見舞い お礼 開店祝い 上場祝い 就任祝い 退職祝い 移転祝い 周年祝い,1,1:1:1:1:1:1:1:1:1:1:1:1,0,1,9999,1,1,0,鉢,ht-83
胡蝶蘭ピンク大輪系3本立ち　送料無料！,21600,,3,1,80cm×50cm,豪華なピンクの３本立ちの胡蝶蘭です。優雅に華麗にお届けします。開店祝や誕生日にもどうぞ,お誕生日祝い 博多座　中洲　 賀寿のお祝い 叙勲祝い  引っ越し祝い 楽屋見舞い 開店祝い 上場祝い 就任祝い 退職祝い 移転祝い 周年祝い,1,1:1:1:1:1:1:1:1:1:1:1:1,0,1,9999,1,1,0,個,HT-58
胡蝶蘭白大輪系5本立ち　お祝いラッピング　送料無料！即日出荷対応！,54000,,3,1,60×90cm,白の大輪系胡蝶蘭５本立ちです。お祝いのラッピングをあしらった大変豪華な見栄えです。開店祝い等法人様のご用途として、お買い求めいただいています。同梱物：胡蝶蘭の管理方法,開店祝い　就任祝い　上場祝い　移転祝い　周年祝　即日,1,1:1:1:1:1:1:1:1:1:1:1:1,0,1,9999,1,1,0,個,ht-94
胡蝶蘭白大輪系３本立ち　お祝いラッピング　送料無料！即日出荷対応！,32400,,3,1,60×90cm,白の3本立ちの胡蝶蘭です。スタンダードないでたちが、昔から愛される胡蝶蘭の象徴的なスタイルです。個人の方から法人様までどんなご用途にも最適な商品です同梱物：胡蝶蘭の管理方法,お誕生日祝い  博多座　中洲　 叙勲祝い  引っ越し祝い 楽屋見舞い 開店祝い 上場祝い 就任祝い 退職祝い 移転祝い 周年祝い　ご葬儀 ,1,1:1:1:1:1:1:1:1:1:1:1:1,0,1,9999,1,1,0,鉢,ht-80
胡蝶蘭白大輪系３本立ち　お祝いラッピング　送料無料！即日出荷対応！,16200,,3,1,L600×W350,白胡蝶蘭３本立ちで、一般的な胡蝶蘭です。<br>代表的な贈り物として使われています。<br>いろんな用途にお使いください同梱物：胡蝶蘭の管理方法,お誕生日祝い  賀寿のお祝い 叙勲祝い  引っ越し祝い 楽屋見舞い 開店祝い 上場祝い 就任祝い 退職祝い 移転祝い 周年祝い  中洲,1,1:1:1:1:1:1:1:1:1:1:1:1,0,1,9999,1,1,0,個,HT-45
胡蝶蘭白大輪系3本立ち,27000,,3,1,（W）55cm×（H）800ｃｍ,大輪系白3本立ち　輪数30輪以上　開店祝いや事務所のご移転祝い、などあらゆるお祝いに胡蝶蘭の贈り物が選ばれています。,御祝　開店祝い　博多座　中洲　移転祝い　就任祝い,1,1:1:1:1:1:1:1:1:1:1:1:1,0,1,9999,1,1,0,個,HT-91
胡蝶蘭 白３本立ち　送料無料！即日出荷対応！,21600,,3,1,50×70cm,白の大輪系胡蝶蘭3本立ちです。この胡蝶蘭が当店で一番売れ行きの商品になります。スタンダードなスタイルが、どんなご用途にも最適なフラワーギフトを提供してくれます。同梱物：胡蝶蘭の管理方法,お誕生日祝い 賀寿のお祝い 叙勲祝い  引っ越し祝い 楽屋見舞い 開店祝い 上場祝い 就任祝い 退職祝い 移転祝い 周年祝い 中洲,1,1:1:1:1:1:1:1:1:1:1:1:1,0,1,9999,1,1,0,鉢,HT-70
花束【花の南福花園オリジナル】,4320,,2,1,L550×W300,赤を基調とした花束です。赤系花束,お誕生日祝い  結婚記念日,1,1:1:1:1:1:1:1:1:1:1:1:1,0,1,9999,1,1,0,束,HT-702
花束【花の南福花園オリジナル】,4320,,2,1,L600×W300,ピンク系でまとめた花束です。<br><br>使用花材：ピンク系花束,お誕生日祝い  結婚記念日,1,1:1:1:1:1:1:1:1:1:1:1:1,0,1,9999,1,1,0,個,HT-703
花束【花の南福花園オリジナル】,3240,,2,1,,人気のひまわりを花束にまとめましたﾋﾏﾜﾘ花束黄オレンジ系花束, 結婚祝い 出産祝い,1,::::::1:1:1:1::,0,1,9999,1,1,0,個,HT-61
アレンジメント3000円,6480,,1,1,（W）30cm×（H）30ｃｍ,ピンクを主体にしたアレンジメントアンスリュームのピンクが夏の季節によく似合います。,開店祝い　周年祝い,1,1:1:1:1:1:::::::,0,1,9999,1,1,0,個,ar24-0405
女性に大人気のピンク系フラワーアレンジメント　送料無料！,5400,,1,1,w280×h250,ピンク系のフラワーアレンジメントです。<br>ピンク系アレンジメント,お誕生日祝い  結婚記念日祝い 結婚祝い 出産祝い,1,1:1:1:1:1:1:1:1:1:1:1:1,0,1,9999,1,1,0,個,MT-41
赤バラかすみ草の花束　送料無料！,10800,,2,1,L700×W500,赤バラとかすみそうでシンプルで豪華な花束<br>贈って喜ばれる花束です。<br>商品番号HT-64<br>赤バラ花束,お誕生日祝い  結婚記念日,1,1:1:1:1:1:1:1:1:1:1:1:1,0,1,9999,1,1,0,個,HT-64
アレンジメント,4320,,1,1,（W）30cm×（H）30ｃｍ,オーソドックスなカーネションミックスにピンクのバラ赤スプレーバラをいれて豪華なアレンジにしました。,誕生日　お見舞い,1,1:1:1:1:1:1:1:1:1:1:1:1,0,1,9999,1,1,0,個,2012-haha03
アレンジメント　送料無料！即日出荷対応！,6480,,1,1,（W）40ｃｍ×（H）50ｃｍ,初夏の香り！紫、白系にまとめました。落ち着いた色合いで何の贈り物にもよく似合います。,御供え　初盆　新盆,1,::1:1:1:1:1:1:1:1::,0,1,9999,1,1,0,個,ar24-042101
アレンジメント,3780,,1,1,（W）30cm×（H）30ｃｍ,ピンクでまとめたアレンジメント！アンスリュームを入れて初夏の季節にマッチしたアレンジメントです。,お見舞い　誕生日　記念日,1,1:1:1:1:1:1:1:1:1:1:1:1,0,1,9999,1,1,0,個,ar24-051501
アレンジメント【花の南福花園オリジナル】,5400,,1,1,（W）40ｃｍ×（H）40ｃｍ,ひまわりを使ったアレンジメントで初夏から夏にかけての定番商品でこの時期人気のアレンジメントです。,誕生日　発表会,1,:::1:1:1:1:1:1:::,0,1,9999,1,1,0,個,ar24-042102
お祝スタンド花　送料無料！即日出荷対応！,32400,,4,1,220cm×150cm,開店祝・周年祝・発表会などお祝いの代表的な花です。当店の商品では最大の大きさです。大きさは当店の配達分の大きさですので他県に贈る場合は多少の差がでてきます。,お誕生日祝い　開店祝い 中洲　上場祝い 周年祝い,1,1:1:1:1:1:1:1:1:1:1:1:1,0,1,9999,1,1,0,基,IST004
お祝スタンド花　送料無料！即日出荷対応！,21600,,4,1,200cm×150cm,代表的なお祝のスタンド花にもう一段加えました。開店祝・周年祝・発表会など多くのお祝い事に利用されています。,お誕生日祝い　中洲　開店祝い 上場祝い　移転祝い 周年祝い,1,1:1:1:1:1:1:1:1:1:1:1:1,0,1,9999,1,1,0,基,IST002
お祝スタンド花　送料無料！即日出荷対応！,16200,,4,1,200cm×150cm,代表的なお祝のスタンド花です。開店祝・周年祝・発表会など多くのお祝い事に利用されています。,お誕生日祝い　中洲　開店祝い 上場祝い　移転祝い 周年祝い,1,1:1:1:1:1:1:1:1:1:1:1:1,0,1,9999,1,1,0,基,IST001
アレンジメント,3240,,1,1,(25cm)?(35cm),紅白をして主体にしたアレンジメントです,1337763643YD69XO2JEM.jpg,1,1:1:1:1:1:1:1:1:1:1:1:1,0,1,9999,1,1,0,個,ar24-052301
ミディ胡蝶蘭白2本立ちヘデラ寄せ植え　送料無料！,6480,,3,1,30cm（ｗ）×40ｃｍ（H）,白のかわいらしい2本立ちのミディ系胡蝶蘭です。個人の方の贈り物に最適な商品です。,お誕生日祝い 結婚記念日祝い 結婚祝い 出産祝い 賀寿のお祝い 叙勲祝い  引っ越し祝い 楽屋見舞い お礼 ご挨拶 開店祝い 上場祝い 就任祝い 退職祝い 移転祝い 周年祝い,1,1:1:1:1:1:1:1:1:1:1:1:1,0,1,9999,1,1,0,鉢,HT68
胡蝶蘭マウントリップ大輪系３本立　送料無料！,27000,,3,1,60×80cm,華やかなピンクと白のグラデーションの胡蝶蘭３本立ちです。紅白でお祝いのご用途に最適です。開店祝い等法人様のご用途に特にお買い求めいただいています。同梱物：胡蝶蘭の管理方法,開店祝い　就任祝い　上場祝い　周年祝　移転祝い 博多座　中洲,1,1:1:1:1:1:1:1:1:1:1:1:1,0,1,9999,1,1,0,鉢,ht-93
ミディ胡蝶蘭黄色風呂敷ラッピング　送料無料！,7560,,3,1,30cm×40cm,胡蝶蘭　ミディミニ胡蝶蘭2本立ち　カラー黄色　お祝い　誕生日　記念日　周年記念　などの贈り物にいかがですか。<br>黄色の花弁に赤いリップが可愛いミディ系の胡蝶蘭で今回は日本古来の贈り物の包みである風呂敷で包みしました。個数限定です。,お誕生日祝い  結婚記念日祝い 結婚祝　開店祝い ,1,1:1:1:1:1:1:1:1:1:1:1:1,0,1,9999,1,1,0,鉢,ht-402
ミディ胡蝶蘭　グラスシリーズ白,6480,,3,1,（W）25cm×（H）55cm,ガラスの花瓶に植え込んだ胡蝶蘭です。ハイセンスなイメージで新登場！行動的なお母さんに如何でしょう。きっと喜んで頂ける商品です。,母の日　母の日胡蝶蘭　黄色ミディ胡蝶蘭,1,::::1:::::::,0,1,9999,1,1,0,個,haha24-008
ミディ胡蝶蘭　送料無料！即日出荷対応！,6480,,3,1,30cm（ｗ）×40ｃｍ（H）,ピンクのお花がかわいらしいミディ系胡蝶蘭3本立ちです。個人の方のお祝いに最適な商品です。,お誕生日祝い 結婚記念日祝い 結婚祝い 出産祝い 賀寿のお祝い 叙勲祝い  引っ越し祝い 楽屋見舞い お礼 ご挨拶 卒業祝い　開店祝い 上場祝い 就任祝い 退職祝い 移転祝い 周年祝い カラーピンク　即日,1,1:1:1:1:1:1:1:1:1:1:1:1,0,1,9999,1,1,0,鉢,HT69
